Word,Positive,Negative,Uncertainty
abandon,0,1,0
abandoned,0,1,0
abandoning,0,1,0
abandonment,0,1,0
abandonments,0,1,0
abandons,0,1,0
abdicated,0,1,0
abdicates,0,1,0
abdicating,0,1,0
abdication,0,1,0
abdications,0,1,0
aberrant,0,1,0
aberration,0,1,0
aberrational,0,1,0
aberrations,0,1,0
abetting,0,1,0
abeyance,0,0,1
abeyances,0,0,1
able,1,0,0
abnormal,0,1,0
abnormalities,0,1,0
abnormality,0,1,0
abnormally,0,1,0
abolish,0,1,0
abolished,0,1,0
abolishes,0,1,0
abolishing,0,1,0
abrogate,0,1,0
abrogated,0,1,0
abrogates,0,1,0
abrogating,0,1,0
abrogation,0,1,0
abrogations,0,1,0
abrupt,0,1,0
abruptly,0,1,0
abruptness,0,1,0
absence,0,1,0
absences,0,1,0
absenteeism,0,1,0
abundance,1,0,0
abundant,1,0,0
abuse,0,1,0
abused,0,1,0
abuses,0,1,0
abusing,0,1,0
abusive,0,1,0
abusively,0,1,0
abusiveness,0,1,0
accident,0,1,0
accidental,0,1,0
accidentally,0,1,0
accidents,0,1,0
acclaimed,1,0,0
accomplish,1,0,0
accomplished,1,0,0
accomplishes,1,0,0
accomplishing,1,0,0
accomplishment,1,0,0
accomplishments,1,0,0
accusation,0,1,0
accusations,0,1,0
accuse,0,1,0
accused,0,1,0
accuses,0,1,0
accusing,0,1,0
achieve,1,0,0
achieved,1,0,0
achievement,1,0,0
achievements,1,0,0
achieves,1,0,0
achieving,1,0,0
acquiesce,0,1,0
acquiesced,0,1,0
acquiesces,0,1,0
acquiescing,0,1,0
acquit,0,1,0
acquits,0,1,0
acquittal,0,1,0
acquittals,0,1,0
acquitted,0,1,0
acquitting,0,1,0
adequately,1,0,0
adulterate,0,1,0
adulterated,0,1,0
adulterating,0,1,0
adulteration,0,1,0
adulterations,0,1,0
advancement,1,0,0
advancements,1,0,0
advances,1,0,0
advancing,1,0,0
advantage,1,0,0
advantaged,1,0,0
advantageous,1,0,0
advantageously,1,0,0
advantages,1,0,0
adversarial,0,1,0
adversaries,0,1,0
adversary,0,1,0
adverse,0,1,0
adversely,0,1,0
adversities,0,1,0
adversity,0,1,0
aftermath,0,1,0
aftermaths,0,1,0
against,0,1,0
aggravate,0,1,0
aggravated,0,1,0
aggravates,0,1,0
aggravating,0,1,0
aggravation,0,1,0
aggravations,0,1,0
alerted,0,1,0
alerting,0,1,0
alienate,0,1,0
alienated,0,1,0
alienates,0,1,0
alienating,0,1,0
alienation,0,1,0
alienations,0,1,0
allegation,0,1,0
allegations,0,1,0
allege,0,1,0
alleged,0,1,0
allegedly,0,1,0
alleges,0,1,0
alleging,0,1,0
alliance,1,0,0
alliances,1,0,0
almost,0,0,1
alteration,0,0,1
alterations,0,0,1
ambiguities,0,0,1
ambiguity,0,0,1
ambiguous,0,0,1
annoy,0,1,0
annoyance,0,1,0
annoyances,0,1,0
annoyed,0,1,0
annoying,0,1,0
annoys,0,1,0
annul,0,1,0
annulled,0,1,0
annulling,0,1,0
annulment,0,1,0
annulments,0,1,0
annuls,0,1,0
anomalies,0,1,1
anomalous,0,1,1
anomalously,0,1,1
anomaly,0,1,1
anticipate,0,0,1
anticipated,0,0,1
anticipates,0,0,1
anticipating,0,0,1
anticipation,0,0,1
anticipations,0,0,1
anticompetitive,0,1,0
antitrust,0,1,0
apparent,0,0,1
apparently,0,0,1
appear,0,0,1
appeared,0,0,1
appearing,0,0,1
appears,0,0,1
approximate,0,0,1
approximated,0,0,1
approximately,0,0,1
approximates,0,0,1
approximating,0,0,1
approximation,0,0,1
approximations,0,0,1
arbitrarily,0,0,1
arbitrariness,0,0,1
arbitrary,0,0,1
argue,0,1,0
argued,0,1,0
arguing,0,1,0
argument,0,1,0
argumentative,0,1,0
arguments,0,1,0
arrearage,0,1,0
arrearages,0,1,0
arrears,0,1,0
arrest,0,1,0
arrested,0,1,0
arrests,0,1,0
artificially,0,1,0
assault,0,1,0
assaulted,0,1,0
assaulting,0,1,0
assaults,0,1,0
assertions,0,1,0
assume,0,0,1
assumed,0,0,1
assumes,0,0,1
assuming,0,0,1
assumption,0,0,1
assumptions,0,0,1
assure,1,0,0
assured,1,0,0
assures,1,0,0
assuring,1,0,0
attain,1,0,0
attained,1,0,0
attaining,1,0,0
attainment,1,0,0
attainments,1,0,0
attains,1,0,0
attractive,1,0,0
attractiveness,1,0,0
attrition,0,1,0
aversely,0,1,0
backdating,0,1,0
bad,0,1,0
bail,0,1,0
bailout,0,1,0
balk,0,1,0
balked,0,1,0
bankrupt,0,1,0
bankruptcies,0,1,0
bankruptcy,0,1,0
bankrupted,0,1,0
bankrupting,0,1,0
bankrupts,0,1,0
bans,0,1,0
barred,0,1,0
barrier,0,1,0
barriers,0,1,0
beautiful,1,0,0
beautifully,1,0,0
believe,0,0,1
believed,0,0,1
believes,0,0,1
believing,0,0,1
beneficial,1,0,0
beneficially,1,0,0
benefit,1,0,0
benefited,1,0,0
benefiting,1,0,0
benefitted,1,0,0
benefitting,1,0,0
best,1,0,0
better,1,0,0
bolstered,1,0,0
bolstering,1,0,0
bolsters,1,0,0
boom,1,0,0
booming,1,0,0
boost,1,0,0
boosted,1,0,0
bottleneck,0,1,0
bottlenecks,0,1,0
boycott,0,1,0
boycotted,0,1,0
boycotting,0,1,0
boycotts,0,1,0
breach,0,1,0
breached,0,1,0
breaches,0,1,0
breaching,0,1,0
break,0,1,0
breakage,0,1,0
breakages,0,1,0
breakdown,0,1,0
breakdowns,0,1,0
breaking,0,1,0
breaks,0,1,0
breakthrough,1,0,0
breakthroughs,1,0,0
bribe,0,1,0
bribed,0,1,0
briberies,0,1,0
bribery,0,1,0
bribes,0,1,0
bribing,0,1,0
bridge,0,1,0
brilliant,1,0,0
broken,0,1,0
burden,0,1,0
burdened,0,1,0
burdening,0,1,0
burdens,0,1,0
burdensome,0,1,0
burned,0,1,0
calamities,0,1,0
calamitous,0,1,0
calamity,0,1,0
cancel,0,1,0
canceled,0,1,0
canceling,0,1,0
cancellation,0,1,0
cancellations,0,1,0
cancelled,0,1,0
cancelling,0,1,0
cancels,0,1,0
careless,0,1,0
carelessly,0,1,0
carelessness,0,1,0
catastrophe,0,1,0
catastrophes,0,1,0
catastrophic,0,1,0
catastrophically,0,1,0
caution,0,1,0
cautionary,0,1,0
cautioned,0,1,0
cautioning,0,1,0
cautions,0,1,0
cautious,0,0,1
cautiously,0,0,1
cautiousness,0,0,1
cease,0,1,0
ceased,0,1,0
ceases,0,1,0
ceasing,0,1,0
censure,0,1,0
censured,0,1,0
censures,0,1,0
censuring,0,1,0
challenge,0,1,0
challenged,0,1,0
challenges,0,1,0
challenging,0,1,0
chargeoffs,0,1,0
charitable,1,0,0
circumvent,0,1,0
circumvented,0,1,0
circumventing,0,1,0
circumvention,0,1,0
circumventions,0,1,0
circumvents,0,1,0
claiming,0,1,0
claims,0,1,0
clarification,0,0,1
clarifications,0,0,1
clawback,0,1,0
closed,0,1,0
closeout,0,1,0
closeouts,0,1,0
closing,0,1,0
closings,0,1,0
closure,0,1,0
closures,0,1,0
coerce,0,1,0
coerced,0,1,0
coerces,0,1,0
coercing,0,1,0
coercion,0,1,0
coercive,0,1,0
collaborate,1,0,0
collaborated,1,0,0
collaborates,1,0,0
collaborating,1,0,0
collaboration,1,0,0
collaborations,1,0,0
collaborative,1,0,0
collaborator,1,0,0
collaborators,1,0,0
collapse,0,1,0
collapsed,0,1,0
collapses,0,1,0
collapsing,0,1,0
collision,0,1,0
collisions,0,1,0
collude,0,1,0
colluded,0,1,0
colludes,0,1,0
colluding,0,1,0
collusion,0,1,0
collusions,0,1,0
collusive,0,1,0
complain,0,1,0
complained,0,1,0
complaining,0,1,0
complains,0,1,0
complaint,0,1,0
complaints,0,1,0
complicate,0,1,0
complicated,0,1,0
complicates,0,1,0
complicating,0,1,0
complication,0,1,0
complications,0,1,0
compliment,1,0,0
complimentary,1,0,0
complimented,1,0,0
complimenting,1,0,0
compliments,1,0,0
compulsion,0,1,0
concealed,0,1,0
concealing,0,1,0
concede,0,1,0
conceded,0,1,0
concedes,0,1,0
conceding,0,1,0
conceivable,0,0,1
conceivably,0,0,1
concern,0,1,0
concerned,0,1,0
concerns,0,1,0
conciliating,0,1,0
conciliation,0,1,0
conciliations,0,1,0
conclusive,1,0,0
conclusively,1,0,0
condemn,0,1,0
condemnation,0,1,0
condemnations,0,1,0
condemned,0,1,0
condemning,0,1,0
condemns,0,1,0
conditional,0,0,1
conditionally,0,0,1
condone,0,1,0
condoned,0,1,0
conducive,1,0,0
confess,0,1,0
confessed,0,1,0
confesses,0,1,0
confessing,0,1,0
confession,0,1,0
confident,1,0,0
confine,0,1,0
confined,0,1,0
confinement,0,1,0
confinements,0,1,0
confines,0,1,0
confining,0,1,0
confiscate,0,1,0
confiscated,0,1,0
confiscates,0,1,0
confiscating,0,1,0
confiscation,0,1,0
confiscations,0,1,0
conflict,0,1,0
conflicted,0,1,0
conflicting,0,1,0
conflicts,0,1,0
confront,0,1,0
confrontation,0,1,0
confrontational,0,1,0
confrontations,0,1,0
confronted,0,1,0
confronting,0,1,0
confronts,0,1,0
confuse,0,1,0
confused,0,1,0
confuses,0,1,1
confusing,0,1,1
confusingly,0,1,1
confusion,0,1,1
conspiracies,0,1,0
conspiracy,0,1,0
conspirator,0,1,0
conspiratorial,0,1,0
conspirators,0,1,0
conspire,0,1,0
conspired,0,1,0
conspires,0,1,0
conspiring,0,1,0
constructive,1,0,0
constructively,1,0,0
contempt,0,1,0
contend,0,1,0
contended,0,1,0
contending,0,1,0
contends,0,1,0
contention,0,1,0
contentions,0,1,0
contentious,0,1,0
contentiously,0,1,0
contested,0,1,0
contesting,0,1,0
contingencies,0,0,1
contingency,0,0,1
contingent,0,0,1
contingently,0,0,1
contingents,0,0,1
contraction,0,1,0
contractions,0,1,0
contradict,0,1,0
contradicted,0,1,0
contradicting,0,1,0
contradiction,0,1,0
contradictions,0,1,0
contradictory,0,1,0
contradicts,0,1,0
contrary,0,1,0
controversial,0,1,0
controversies,0,1,0
controversy,0,1,0
convict,0,1,0
convicted,0,1,0
convicting,0,1,0
conviction,0,1,0
convictions,0,1,0
corrected,0,1,0
correcting,0,1,0
correction,0,1,0
corrections,0,1,0
corrects,0,1,0
corrupt,0,1,0
corrupted,0,1,0
corrupting,0,1,0
corruption,0,1,0
corruptions,0,1,0
corruptly,0,1,0
corruptness,0,1,0
costly,0,1,0
could,0,0,1
counterclaim,0,1,0
counterclaimed,0,1,0
counterclaiming,0,1,0
counterclaims,0,1,0
counterfeit,0,1,0
counterfeited,0,1,0
counterfeiter,0,1,0
counterfeiters,0,1,0
counterfeiting,0,1,0
counterfeits,0,1,0
countermeasure,0,1,0
countermeasures,0,1,0
courteous,1,0,0
creative,1,0,0
creatively,1,0,0
creativeness,1,0,0
creativity,1,0,0
crime,0,1,0
crimes,0,1,0
criminal,0,1,0
criminally,0,1,0
criminals,0,1,0
crises,0,1,0
crisis,0,1,0
critical,0,1,0
critically,0,1,0
criticism,0,1,0
criticisms,0,1,0
criticize,0,1,0
criticized,0,1,0
criticizes,0,1,0
criticizing,0,1,0
crossroad,0,0,1
crossroads,0,0,1
crucial,0,1,0
crucially,0,1,0
culpability,0,1,0
culpable,0,1,0
culpably,0,1,0
cumbersome,0,1,0
curtail,0,1,0
curtailed,0,1,0
curtailing,0,1,0
curtailment,0,1,0
curtailments,0,1,0
curtails,0,1,0
cut,0,1,0
cutback,0,1,0
cutbacks,0,1,0
cyberattack,0,1,0
cyberattacks,0,1,0
cyberbullying,0,1,0
cybercrime,0,1,0
cybercrimes,0,1,0
cybercriminal,0,1,0
cybercriminals,0,1,0
damage,0,1,0
damaged,0,1,0
damages,0,1,0
damaging,0,1,0
dampen,0,1,0
dampened,0,1,0
danger,0,1,0
dangerous,0,1,0
dangerously,0,1,0
dangers,0,1,0
deadlock,0,1,0
deadlocked,0,1,0
deadlocking,0,1,0
deadlocks,0,1,0
deadweight,0,1,0
deadweights,0,1,0
debarment,0,1,0
debarments,0,1,0
debarred,0,1,0
deceased,0,1,0
deceit,0,1,0
deceitful,0,1,0
deceitfulness,0,1,0
deceive,0,1,0
deceived,0,1,0
deceives,0,1,0
deceiving,0,1,0
deception,0,1,0
deceptions,0,1,0
deceptive,0,1,0
deceptively,0,1,0
decline,0,1,0
declined,0,1,0
declines,0,1,0
declining,0,1,0
deface,0,1,0
defaced,0,1,0
defacement,0,1,0
defamation,0,1,0
defamations,0,1,0
defamatory,0,1,0
defame,0,1,0
defamed,0,1,0
defames,0,1,0
defaming,0,1,0
default,0,1,0
defaulted,0,1,0
defaulting,0,1,0
defaults,0,1,0
defeat,0,1,0
defeated,0,1,0
defeating,0,1,0
defeats,0,1,0
defect,0,1,0
defective,0,1,0
defects,0,1,0
defend,0,1,0
defendant,0,1,0
defendants,0,1,0
defended,0,1,0
defending,0,1,0
defends,0,1,0
defensive,0,1,0
defer,0,1,0
deficiencies,0,1,0
deficiency,0,1,0
deficient,0,1,0
deficit,0,1,0
deficits,0,1,0
defraud,0,1,0
defrauded,0,1,0
defrauding,0,1,0
defrauds,0,1,0
defunct,0,1,0
degradation,0,1,0
degradations,0,1,0
degrade,0,1,0
degraded,0,1,0
degrades,0,1,0
degrading,0,1,0
delay,0,1,0
delayed,0,1,0
delaying,0,1,0
delays,0,1,0
deleterious,0,1,0
deliberate,0,1,0
deliberated,0,1,0
deliberately,0,1,0
delight,1,0,0
delighted,1,0,0
delightful,1,0,0
delightfully,1,0,0
delighting,1,0,0
delights,1,0,0
delinquencies,0,1,0
delinquency,0,1,0
delinquent,0,1,0
delinquently,0,1,0
delinquents,0,1,0
delist,0,1,0
delisted,0,1,0
delisting,0,1,0
delists,0,1,0
demise,0,1,0
demised,0,1,0
demises,0,1,0
demising,0,1,0
demolish,0,1,0
demolished,0,1,0
demolishes,0,1,0
demolishing,0,1,0
demolition,0,1,0
demolitions,0,1,0
demote,0,1,0
demoted,0,1,0
demotes,0,1,0
demoting,0,1,0
demotion,0,1,0
demotions,0,1,0
denial,0,1,0
denials,0,1,0
denied,0,1,0
denies,0,1,0
denigrate,0,1,0
denigrated,0,1,0
denigrates,0,1,0
denigrating,0,1,0
denigration,0,1,0
deny,0,1,0
denying,0,1,0
depend,0,0,1
dependability,1,0,0
dependable,1,0,0
depended,0,0,1
dependence,0,0,1
dependencies,0,0,1
dependency,0,0,1
dependent,0,0,1
depending,0,0,1
depends,0,0,1
deplete,0,1,0
depleted,0,1,0
depletes,0,1,0
depleting,0,1,0
depletion,0,1,0
depletions,0,1,0
deprecation,0,1,0
depress,0,1,0
depressed,0,1,0
depresses,0,1,0
depressing,0,1,0
deprivation,0,1,0
deprive,0,1,0
deprived,0,1,0
deprives,0,1,0
depriving,0,1,0
derelict,0,1,0
dereliction,0,1,0
derogatory,0,1,0
desirable,1,0,0
desired,1,0,0
despite,1,0,0
destabilization,0,1,0
destabilize,0,1,0
destabilized,0,1,0
destabilizing,0,1,1
destined,1,0,0
destroy,0,1,0
destroyed,0,1,0
destroying,0,1,0
destroys,0,1,0
destruction,0,1,0
destructive,0,1,0
detain,0,1,0
detained,0,1,0
detention,0,1,0
detentions,0,1,0
deter,0,1,0
deteriorate,0,1,0
deteriorated,0,1,0
deteriorates,0,1,0
deteriorating,0,1,0
deterioration,0,1,0
deteriorations,0,1,0
deterred,0,1,0
deterrence,0,1,0
deterrences,0,1,0
deterrent,0,1,0
deterrents,0,1,0
deterring,0,1,0
deters,0,1,0
detract,0,1,0
detracted,0,1,0
detracting,0,1,0
detriment,0,1,0
detrimental,0,1,0
detrimentally,0,1,0
detriments,0,1,0
devalue,0,1,0
devalued,0,1,0
devalues,0,1,0
devaluing,0,1,0
devastate,0,1,0
devastated,0,1,0
devastating,0,1,0
devastation,0,1,0
deviate,0,1,1
deviated,0,1,1
deviates,0,1,1
deviating,0,1,1
deviation,0,1,1
deviations,0,1,1
devolve,0,1,0
devolved,0,1,0
devolves,0,1,0
devolving,0,1,0
differ,0,0,1
differed,0,0,1
differing,0,0,1
differs,0,0,1
difficult,0,1,0
difficulties,0,1,0
difficultly,0,1,0
difficulty,0,1,0
diligent,1,0,0
diligently,1,0,0
diminish,0,1,0
diminished,0,1,0
diminishes,0,1,0
diminishing,0,1,0
diminution,0,1,0
disadvantage,0,1,0
disadvantaged,0,1,0
disadvantageous,0,1,0
disadvantages,0,1,0
disaffiliation,0,1,0
disagree,0,1,0
disagreeable,0,1,0
disagreed,0,1,0
disagreeing,0,1,0
disagreement,0,1,0
disagreements,0,1,0
disagrees,0,1,0
disallow,0,1,0
disallowance,0,1,0
disallowances,0,1,0
disallowed,0,1,0
disallowing,0,1,0
disallows,0,1,0
disappear,0,1,0
disappearance,0,1,0
disappearances,0,1,0
disappeared,0,1,0
disappearing,0,1,0
disappears,0,1,0
disappoint,0,1,0
disappointed,0,1,0
disappointing,0,1,0
disappointingly,0,1,0
disappointment,0,1,0
disappointments,0,1,0
disappoints,0,1,0
disapproval,0,1,0
disapprovals,0,1,0
disapprove,0,1,0
disapproved,0,1,0
disapproves,0,1,0
disapproving,0,1,0
disassociates,0,1,0
disassociating,0,1,0
disassociation,0,1,0
disassociations,0,1,0
disaster,0,1,0
disasters,0,1,0
disastrous,0,1,0
disastrously,0,1,0
disavow,0,1,0
disavowal,0,1,0
disavowed,0,1,0
disavowing,0,1,0
disavows,0,1,0
disciplinary,0,1,0
disclaim,0,1,0
disclaimed,0,1,0
disclaimer,0,1,0
disclaimers,0,1,0
disclaiming,0,1,0
disclaims,0,1,0
disclose,0,1,0
disclosed,0,1,0
discloses,0,1,0
disclosing,0,1,0
discontinuance,0,1,0
discontinuances,0,1,0
discontinuation,0,1,0
discontinuations,0,1,0
discontinue,0,1,0
discontinued,0,1,0
discontinues,0,1,0
discontinuing,0,1,0
discourage,0,1,0
discouraged,0,1,0
discourages,0,1,0
discouraging,0,1,0
discredit,0,1,0
discredited,0,1,0
discrediting,0,1,0
discredits,0,1,0
discrepancies,0,1,0
discrepancy,0,1,0
disfavor,0,1,0
disfavored,0,1,0
disfavoring,0,1,0
disfavors,0,1,0
disgorge,0,1,0
disgorged,0,1,0
disgorgement,0,1,0
disgorgements,0,1,0
disgorges,0,1,0
disgorging,0,1,0
disgrace,0,1,0
disgraceful,0,1,0
disgracefully,0,1,0
dishonest,0,1,0
dishonestly,0,1,0
dishonesty,0,1,0
dishonor,0,1,0
dishonorable,0,1,0
dishonorably,0,1,0
dishonored,0,1,0
dishonoring,0,1,0
dishonors,0,1,0
disincentives,0,1,0
disinterested,0,1,0
disinterestedly,0,1,0
disinterestedness,0,1,0
disloyal,0,1,0
disloyally,0,1,0
disloyalty,0,1,0
dismal,0,1,0
dismally,0,1,0
dismiss,0,1,0
dismissal,0,1,0
dismissals,0,1,0
dismissed,0,1,0
dismisses,0,1,0
dismissing,0,1,0
disorderly,0,1,0
disparage,0,1,0
disparaged,0,1,0
disparagement,0,1,0
disparagements,0,1,0
disparages,0,1,0
disparaging,0,1,0
disparagingly,0,1,0
disparities,0,1,0
disparity,0,1,0
displace,0,1,0
displaced,0,1,0
displacement,0,1,0
displacements,0,1,0
displaces,0,1,0
displacing,0,1,0
dispose,0,1,0
dispossess,0,1,0
dispossessed,0,1,0
dispossesses,0,1,0
dispossessing,0,1,0
disproportion,0,1,0
disproportional,0,1,0
disproportionate,0,1,0
disproportionately,0,1,0
dispute,0,1,0
disputed,0,1,0
disputes,0,1,0
disputing,0,1,0
disqualification,0,1,0
disqualifications,0,1,0
disqualified,0,1,0
disqualifies,0,1,0
disqualify,0,1,0
disqualifying,0,1,0
disregard,0,1,0
disregarded,0,1,0
disregarding,0,1,0
disregards,0,1,0
disreputable,0,1,0
disrepute,0,1,0
disrupt,0,1,0
disrupted,0,1,0
disrupting,0,1,0
disruption,0,1,0
disruptions,0,1,0
disruptive,0,1,0
disrupts,0,1,0
dissatisfaction,0,1,0
dissatisfied,0,1,0
dissent,0,1,0
dissented,0,1,0
dissenter,0,1,0
dissenters,0,1,0
dissenting,0,1,0
dissents,0,1,0
dissident,0,1,0
dissidents,0,1,0
dissolution,0,1,0
dissolutions,0,1,0
distinction,1,0,0
distinctions,1,0,0
distinctive,1,0,0
distinctively,1,0,0
distinctiveness,1,0,0
distort,0,1,0
distorted,0,1,0
distorting,0,1,0
distortion,0,1,0
distortions,0,1,0
distorts,0,1,0
distract,0,1,0
distracted,0,1,0
distracting,0,1,0
distraction,0,1,0
distractions,0,1,0
distracts,0,1,0
distress,0,1,0
distressed,0,1,0
disturb,0,1,0
disturbance,0,1,0
disturbances,0,1,0
disturbed,0,1,0
disturbing,0,1,0
disturbs,0,1,0
diversion,0,1,0
divert,0,1,0
diverted,0,1,0
diverting,0,1,0
diverts,0,1,0
divest,0,1,0
divested,0,1,0
divesting,0,1,0
divestiture,0,1,0
divestitures,0,1,0
divestment,0,1,0
divestments,0,1,0
divests,0,1,0
divorce,0,1,0
divorced,0,1,0
divulge,0,1,0
divulged,0,1,0
divulges,0,1,0
divulging,0,1,0
doubt,0,1,1
doubted,0,1,1
doubtful,0,1,1
doubts,0,1,1
downgrade,0,1,0
downgraded,0,1,0
downgrades,0,1,0
downgrading,0,1,0
downsize,0,1,0
downsized,0,1,0
downsizes,0,1,0
downsizing,0,1,0
downsizings,0,1,0
downtime,0,1,0
downtimes,0,1,0
downturn,0,1,0
downturns,0,1,0
downward,0,1,0
downwards,0,1,0
drag,0,1,0
drastic,0,1,0
drastically,0,1,0
drawback,0,1,0
drawbacks,0,1,0
dream,1,0,0
dropped,0,1,0
drought,0,1,0
droughts,0,1,0
duress,0,1,0
dysfunction,0,1,0
dysfunctional,0,1,0
dysfunctions,0,1,0
easier,1,0,0
easily,1,0,0
easing,0,1,0
easy,1,0,0
effective,1,0,0
efficiencies,1,0,0
efficiency,1,0,0
efficient,1,0,0
efficiently,1,0,0
egregious,0,1,0
egregiously,0,1,0
embargo,0,1,0
embargoed,0,1,0
embargoes,0,1,0
embargoing,0,1,0
embarrass,0,1,0
embarrassed,0,1,0
embarrasses,0,1,0
embarrassing,0,1,0
embarrassment,0,1,0
embarrassments,0,1,0
embezzle,0,1,0
embezzled,0,1,0
embezzlement,0,1,0
embezzlements,0,1,0
embezzler,0,1,0
embezzles,0,1,0
embezzling,0,1,0
empower,1,0,0
empowered,1,0,0
empowering,1,0,0
empowers,1,0,0
enable,1,0,0
enabled,1,0,0
enables,1,0,0
enabling,1,0,0
encouraged,1,0,0
encouragement,1,0,0
encourages,1,0,0
encouraging,1,0,0
encroach,0,1,0
encroached,0,1,0
encroaches,0,1,0
encroaching,0,1,0
encroachment,0,1,0
encroachments,0,1,0
encumber,0,1,0
encumbered,0,1,0
encumbering,0,1,0
encumbers,0,1,0
encumbrance,0,1,0
encumbrances,0,1,0
endanger,0,1,0
endangered,0,1,0
endangering,0,1,0
endangerment,0,1,0
endangers,0,1,0
enhance,1,0,0
enhanced,1,0,0
enhancement,1,0,0
enhancements,1,0,0
enhances,1,0,0
enhancing,1,0,0
enjoin,0,1,0
enjoined,0,1,0
enjoining,0,1,0
enjoins,0,1,0
enjoy,1,0,0
enjoyable,1,0,0
enjoyably,1,0,0
enjoyed,1,0,0
enjoying,1,0,0
enjoyment,1,0,0
enjoys,1,0,0
enthusiasm,1,0,0
enthusiastic,1,0,0
enthusiastically,1,0,0
erode,0,1,0
eroded,0,1,0
erodes,0,1,0
eroding,0,1,0
erosion,0,1,0
erratic,0,1,0
erratically,0,1,0
erred,0,1,0
erring,0,1,0
erroneous,0,1,0
erroneously,0,1,0
error,0,1,0
errors,0,1,0
errs,0,1,0
escalate,0,1,0
escalated,0,1,0
escalates,0,1,0
escalating,0,1,0
evade,0,1,0
evaded,0,1,0
evades,0,1,0
evading,0,1,0
evasion,0,1,0
evasions,0,1,0
evasive,0,1,0
evict,0,1,0
evicted,0,1,0
evicting,0,1,0
eviction,0,1,0
evictions,0,1,0
evicts,0,1,0
exacerbate,0,1,0
exacerbated,0,1,0
exacerbates,0,1,0
exacerbating,0,1,0
exacerbation,0,1,0
exacerbations,0,1,0
exaggerate,0,1,0
exaggerated,0,1,0
exaggerates,0,1,0
exaggerating,0,1,0
exaggeration,0,1,0
excellence,1,0,0
excellent,1,0,0
excelling,1,0,0
excels,1,0,0
exceptional,1,0,0
exceptionally,1,0,0
excessive,0,1,0
excessively,0,1,0
excited,1,0,0
excitement,1,0,0
exciting,1,0,0
exclusive,1,0,0
exclusively,1,0,0
exclusiveness,1,0,0
exclusives,1,0,0
exclusivity,1,0,0
exculpate,0,1,0
exculpated,0,1,0
exculpates,0,1,0
exculpating,0,1,0
exculpation,0,1,0
exculpations,0,1,0
exculpatory,0,1,0
exemplary,1,0,0
exonerate,0,1,0
exonerated,0,1,0
exonerates,0,1,0
exonerating,0,1,0
exoneration,0,1,0
exonerations,0,1,0
exploit,0,1,0
exploitation,0,1,0
exploitations,0,1,0
exploitative,0,1,0
exploited,0,1,0
exploiting,0,1,0
exploits,0,1,0
expose,0,1,0
exposed,0,1,0
exposes,0,1,0
exposing,0,1,0
exposure,0,0,1
exposures,0,0,1
expropriate,0,1,0
expropriated,0,1,0
expropriates,0,1,0
expropriating,0,1,0
expropriation,0,1,0
expropriations,0,1,0
expulsion,0,1,0
expulsions,0,1,0
extenuating,0,1,0
fail,0,1,0
failed,0,1,0
failing,0,1,0
failings,0,1,0
fails,0,1,0
failure,0,1,0
failures,0,1,0
fallout,0,1,0
false,0,1,0
falsely,0,1,0
falsification,0,1,0
falsifications,0,1,0
falsified,0,1,0
falsifies,0,1,0
falsify,0,1,0
falsifying,0,1,0
falsity,0,1,0
fantastic,1,0,0
fatalities,0,1,0
fatality,0,1,0
fatally,0,1,0
fault,0,1,0
faulted,0,1,0
faults,0,1,0
faulty,0,1,0
favorable,1,0,0
favorably,1,0,0
favored,1,0,0
favoring,1,0,0
favorite,1,0,0
favorites,1,0,0
fear,0,1,0
fears,0,1,0
felonies,0,1,0
felonious,0,1,0
felony,0,1,0
fictitious,0,1,0
fined,0,1,0
fines,0,1,0
fired,0,1,0
firing,0,1,0
flaw,0,1,0
flawed,0,1,0
flaws,0,1,0
fluctuate,0,0,1
fluctuated,0,0,1
fluctuates,0,0,1
fluctuating,0,0,1
fluctuation,0,0,1
fluctuations,0,0,1
forbid,0,1,0
forbidden,0,1,0
forbidding,0,1,0
forbids,0,1,0
force,0,1,0
forced,0,1,0
forcing,0,1,0
foreclose,0,1,0
foreclosed,0,1,0
forecloses,0,1,0
foreclosing,0,1,0
foreclosure,0,1,0
foreclosures,0,1,0
forego,0,1,0
foregoes,0,1,0
foregone,0,1,0
forestall,0,1,0
forestalled,0,1,0
forestalling,0,1,0
forestalls,0,1,0
forfeit,0,1,0
forfeited,0,1,0
forfeiting,0,1,0
forfeits,0,1,0
forfeiture,0,1,0
forfeitures,0,1,0
forgers,0,1,0
forgery,0,1,0
fraud,0,1,0
frauds,0,1,0
fraudulence,0,1,0
fraudulent,0,1,0
fraudulently,0,1,0
friendly,1,0,0
frivolous,0,1,0
frivolously,0,1,0
frustrate,0,1,0
frustrated,0,1,0
frustrates,0,1,0
frustrating,0,1,0
frustratingly,0,1,0
frustration,0,1,0
frustrations,0,1,0
fugitive,0,1,0
fugitives,0,1,0
gain,1,0,0
gained,1,0,0
gaining,1,0,0
gains,1,0,0
good,1,0,0
gratuitous,0,1,0
gratuitously,0,1,0
great,1,0,0
greater,1,0,0
greatest,1,0,0
greatly,1,0,0
greatness,1,0,0
grievance,0,1,0
grievances,0,1,0
grossly,0,1,0
groundless,0,1,0
guilty,0,1,0
halt,0,1,0
halted,0,1,0
hamper,0,1,0
hampered,0,1,0
hampering,0,1,0
hampers,0,1,0
happiest,1,0,0
happily,1,0,0
happiness,1,0,0
happy,1,0,0
harass,0,1,0
harassed,0,1,0
harassing,0,1,0
harassment,0,1,0
hardship,0,1,0
hardships,0,1,0
harm,0,1,0
harmed,0,1,0
harmful,0,1,0
harmfully,0,1,0
harming,0,1,0
harms,0,1,0
harsh,0,1,0
harsher,0,1,0
harshest,0,1,0
harshly,0,1,0
harshness,0,1,0
hazard,0,1,0
hazardous,0,1,0
hazards,0,1,0
hidden,0,0,1
highest,1,0,0
hinder,0,1,0
hindered,0,1,0
hindering,0,1,0
hinders,0,1,0
hindrance,0,1,0
hindrances,0,1,0
hinges,0,0,1
honor,1,0,0
honorable,1,0,0
honored,1,0,0
honoring,1,0,0
honors,1,0,0
hostile,0,1,0
hostility,0,1,0
hurt,0,1,0
hurting,0,1,0
ideal,1,0,0
idle,0,1,0
idled,0,1,0
idling,0,1,0
ignore,0,1,0
ignored,0,1,0
ignores,0,1,0
ignoring,0,1,0
ill,0,1,0
illegal,0,1,0
illegalities,0,1,0
illegality,0,1,0
illegally,0,1,0
illegible,0,1,0
illicit,0,1,0
illicitly,0,1,0
illiquid,0,1,0
illiquidity,0,1,0
imbalance,0,1,0
imbalances,0,1,0
immature,0,1,0
immoral,0,1,0
impair,0,1,0
impaired,0,1,0
impairing,0,1,0
impairment,0,1,0
impairments,0,1,0
impairs,0,1,0
impasse,0,1,0
impasses,0,1,0
impede,0,1,0
impeded,0,1,0
impedes,0,1,0
impediment,0,1,0
impediments,0,1,0
impeding,0,1,0
impending,0,1,0
imperative,0,1,0
imperfection,0,1,0
imperfections,0,1,0
imperil,0,1,0
impermissible,0,1,0
implicate,0,1,0
implicated,0,1,0
implicates,0,1,0
implicating,0,1,0
impossibility,0,1,0
impossible,0,1,0
impound,0,1,0
impounded,0,1,0
impounding,0,1,0
impounds,0,1,0
impracticable,0,1,0
impractical,0,1,0
impracticalities,0,1,0
impracticality,0,1,0
imprecise,0,0,1
imprecision,0,0,1
imprecisions,0,0,1
impress,1,0,0
impressed,1,0,0
impresses,1,0,0
impressing,1,0,0
impressive,1,0,0
impressively,1,0,0
imprisonment,0,1,0
improbability,0,0,1
improbable,0,0,1
improper,0,1,0
improperly,0,1,0
improprieties,0,1,0
impropriety,0,1,0
improve,1,0,0
improved,1,0,0
improvement,1,0,0
improvements,1,0,0
improves,1,0,0
improving,1,0,0
imprudent,0,1,0
imprudently,0,1,0
inability,0,1,0
inaccessible,0,1,0
inaccuracies,0,1,0
inaccuracy,0,1,0
inaccurate,0,1,0
inaccurately,0,1,0
inaction,0,1,0
inactions,0,1,0
inactivate,0,1,0
inactivated,0,1,0
inactivates,0,1,0
inactivating,0,1,0
inactivation,0,1,0
inactivations,0,1,0
inactivity,0,1,0
inadequacies,0,1,0
inadequacy,0,1,0
inadequate,0,1,0
inadequately,0,1,0
inadvertent,0,1,0
inadvertently,0,1,0
inadvisability,0,1,0
inadvisable,0,1,0
inappropriate,0,1,0
inappropriately,0,1,0
inattention,0,1,0
incapable,0,1,0
incapacitated,0,1,0
incapacity,0,1,0
incarcerate,0,1,0
incarcerated,0,1,0
incarcerates,0,1,0
incarcerating,0,1,0
incarceration,0,1,0
incarcerations,0,1,0
incidence,0,1,0
incidences,0,1,0
incident,0,1,0
incidents,0,1,0
incompatibilities,0,1,0
incompatibility,0,1,0
incompatible,0,1,0
incompetence,0,1,0
incompetency,0,1,0
incompetent,0,1,0
incompetently,0,1,0
incompetents,0,1,0
incomplete,0,1,0
incompletely,0,1,0
incompleteness,0,1,1
inconclusive,0,1,0
inconsistencies,0,1,0
inconsistency,0,1,0
inconsistent,0,1,0
inconsistently,0,1,0
inconvenience,0,1,0
inconveniences,0,1,0
inconvenient,0,1,0
incorrect,0,1,0
incorrectly,0,1,0
incorrectness,0,1,0
incredible,1,0,0
incredibly,1,0,0
indecency,0,1,0
indecent,0,1,0
indefeasible,0,1,0
indefeasibly,0,1,0
indefinite,0,0,1
indefinitely,0,0,1
indefiniteness,0,0,1
indeterminable,0,0,1
indeterminate,0,0,1
indict,0,1,0
indictable,0,1,0
indicted,0,1,0
indicting,0,1,0
indictment,0,1,0
indictments,0,1,0
ineffective,0,1,0
ineffectively,0,1,0
ineffectiveness,0,1,0
inefficiencies,0,1,0
inefficiency,0,1,0
inefficient,0,1,0
inefficiently,0,1,0
ineligibility,0,1,0
ineligible,0,1,0
inequitable,0,1,0
inequitably,0,1,0
inequities,0,1,0
inequity,0,1,0
inevitable,0,1,0
inexact,0,0,1
inexactness,0,0,1
inexperience,0,1,0
inexperienced,0,1,0
inferior,0,1,0
inflicted,0,1,0
influential,1,0,0
informative,1,0,0
infraction,0,1,0
infractions,0,1,0
infringe,0,1,0
infringed,0,1,0
infringement,0,1,0
infringements,0,1,0
infringes,0,1,0
infringing,0,1,0
ingenuity,1,0,0
inhibited,0,1,0
inimical,0,1,0
injunction,0,1,0
injunctions,0,1,0
injure,0,1,0
injured,0,1,0
injures,0,1,0
injuries,0,1,0
injuring,0,1,0
injurious,0,1,0
injury,0,1,0
innovate,1,0,0
innovated,1,0,0
innovates,1,0,0
innovating,1,0,0
innovation,1,0,0
innovations,1,0,0
innovative,1,0,0
innovativeness,1,0,0
innovator,1,0,0
innovators,1,0,0
inordinate,0,1,0
inordinately,0,1,0
inquiry,0,1,0
insecure,0,1,0
insensitive,0,1,0
insightful,1,0,0
insolvencies,0,1,0
insolvency,0,1,0
insolvent,0,1,0
inspiration,1,0,0
inspirational,1,0,0
instabilities,0,0,1
instability,0,1,1
insubordination,0,1,0
insufficiency,0,1,0
insufficient,0,1,0
insufficiently,0,1,0
insurrection,0,1,0
insurrections,0,1,0
intangible,0,0,1
intangibles,0,0,1
integrity,1,0,0
intentional,0,1,0
interfere,0,1,0
interfered,0,1,0
interference,0,1,0
interferences,0,1,0
interferes,0,1,0
interfering,0,1,0
intermittent,0,1,0
intermittently,0,1,0
interrupt,0,1,0
interrupted,0,1,0
interrupting,0,1,0
interruption,0,1,0
interruptions,0,1,0
interrupts,0,1,0
intimidation,0,1,0
intrusion,0,1,0
invalid,0,1,0
invalidate,0,1,0
invalidated,0,1,0
invalidates,0,1,0
invalidating,0,1,0
invalidation,0,1,0
invalidity,0,1,0
invent,1,0,0
invented,1,0,0
inventing,1,0,0
invention,1,0,0
inventions,1,0,0
inventive,1,0,0
inventiveness,1,0,0
inventor,1,0,0
inventors,1,0,0
investigate,0,1,0
investigated,0,1,0
investigates,0,1,0
investigating,0,1,0
investigation,0,1,0
investigations,0,1,0
involuntarily,0,1,0
involuntary,0,1,0
irreconcilable,0,1,0
irreconcilably,0,1,0
irrecoverable,0,1,0
irrecoverably,0,1,0
irregular,0,1,0
irregularities,0,1,0
irregularity,0,1,0
irregularly,0,1,0
irreparable,0,1,0
irreparably,0,1,0
irreversible,0,1,0
jeopardize,0,1,0
jeopardized,0,1,0
justifiable,0,1,0
kickback,0,1,0
kickbacks,0,1,0
knowingly,0,1,0
lack,0,1,0
lacked,0,1,0
lacking,0,1,0
lackluster,0,1,0
lacks,0,1,0
lag,0,1,0
lagged,0,1,0
lagging,0,1,0
lags,0,1,0
lapse,0,1,0
lapsed,0,1,0
lapses,0,1,0
lapsing,0,1,0
late,0,1,0
laundering,0,1,0
layoff,0,1,0
layoffs,0,1,0
leadership,1,0,0
leading,1,0,0
lie,0,1,0
likelihood,0,0,1
limitation,0,1,0
limitations,0,1,0
lingering,0,1,0
liquidate,0,1,0
liquidated,0,1,0
liquidates,0,1,0
liquidating,0,1,0
liquidation,0,1,0
liquidations,0,1,0
liquidator,0,1,0
liquidators,0,1,0
litigant,0,1,0
litigants,0,1,0
litigate,0,1,0
litigated,0,1,0
litigates,0,1,0
litigating,0,1,0
litigation,0,1,0
litigations,0,1,0
lockout,0,1,0
lockouts,0,1,0
lose,0,1,0
loses,0,1,0
losing,0,1,0
loss,0,1,0
losses,0,1,0
lost,0,1,0
loyal,1,0,0
lucrative,1,0,0
lying,0,1,0
malfeasance,0,1,0
malfunction,0,1,0
malfunctioned,0,1,0
malfunctioning,0,1,0
malfunctions,0,1,0
malice,0,1,0
malicious,0,1,0
maliciously,0,1,0
malpractice,0,1,0
manipulate,0,1,0
manipulated,0,1,0
manipulates,0,1,0
manipulating,0,1,0
manipulation,0,1,0
manipulations,0,1,0
manipulative,0,1,0
markdown,0,1,0
markdowns,0,1,0
may,0,0,1
maybe,0,0,1
meritorious,1,0,0
might,0,0,1
misapplication,0,1,0
misapplications,0,1,0
misapplied,0,1,0
misapplies,0,1,0
misapply,0,1,0
misapplying,0,1,0
misappropriate,0,1,0
misappropriated,0,1,0
misappropriates,0,1,0
misappropriating,0,1,0
misappropriation,0,1,0
misappropriations,0,1,0
misbranded,0,1,0
miscalculate,0,1,0
miscalculated,0,1,0
miscalculates,0,1,0
miscalculating,0,1,0
miscalculation,0,1,0
miscalculations,0,1,0
mischaracterization,0,1,0
mischief,0,1,0
misclassification,0,1,0
misclassifications,0,1,0
misclassified,0,1,0
misclassify,0,1,0
miscommunication,0,1,0
misconduct,0,1,0
misdated,0,1,0
misdemeanor,0,1,0
misdemeanors,0,1,0
misdirected,0,1,0
mishandle,0,1,0
mishandled,0,1,0
mishandles,0,1,0
mishandling,0,1,0
misinform,0,1,0
misinformation,0,1,0
misinformed,0,1,0
misinforming,0,1,0
misinforms,0,1,0
misinterpret,0,1,0
misinterpretation,0,1,0
misinterpretations,0,1,0
misinterpreted,0,1,0
misinterpreting,0,1,0
misinterprets,0,1,0
misjudge,0,1,0
misjudged,0,1,0
misjudges,0,1,0
misjudging,0,1,0
misjudgment,0,1,0
misjudgments,0,1,0
mislabel,0,1,0
mislabeled,0,1,0
mislabeling,0,1,0
mislabelled,0,1,0
mislabels,0,1,0
mislead,0,1,0
misleading,0,1,0
misleadingly,0,1,0
misleads,0,1,0
misled,0,1,0
mismanage,0,1,0
mismanaged,0,1,0
mismanagement,0,1,0
mismanages,0,1,0
mismanaging,0,1,0
mismatch,0,1,0
mismatched,0,1,0
mismatches,0,1,0
mismatching,0,1,0
misplaced,0,1,0
misprice,0,1,0
mispricing,0,1,0
mispricings,0,1,0
misrepresent,0,1,0
misrepresentation,0,1,0
misrepresentations,0,1,0
misrepresented,0,1,0
misrepresenting,0,1,0
misrepresents,0,1,0
miss,0,1,0
missed,0,1,0
misses,0,1,0
misstate,0,1,0
misstated,0,1,0
misstatement,0,1,0
misstatements,0,1,0
misstates,0,1,0
misstating,0,1,0
misstep,0,1,0
missteps,0,1,0
mistake,0,1,0
mistaken,0,1,0
mistakenly,0,1,0
mistakes,0,1,0
mistaking,0,1,0
mistrial,0,1,0
mistrials,0,1,0
misunderstand,0,1,0
misunderstanding,0,1,0
misunderstandings,0,1,0
misunderstood,0,1,0
misuse,0,1,0
misused,0,1,0
misuses,0,1,0
misusing,0,1,0
monopolistic,0,1,0
monopolists,0,1,0
monopolization,0,1,0
monopolize,0,1,0
monopolized,0,1,0
monopolizes,0,1,0
monopolizing,0,1,0
monopoly,0,1,0
moratoria,0,1,0
moratorium,0,1,0
moratoriums,0,1,0
mothballed,0,1,0
mothballing,0,1,0
nearly,0,0,1
negative,0,1,0
negatively,0,1,0
negatives,0,1,0
neglect,0,1,0
neglected,0,1,0
neglectful,0,1,0
neglecting,0,1,0
neglects,0,1,0
negligence,0,1,0
negligences,0,1,0
negligent,0,1,0
negligently,0,1,0
nonassessable,0,0,1
nonattainment,0,1,0
noncompetitive,0,1,0
noncompliance,0,1,0
noncompliances,0,1,0
noncompliant,0,1,0
noncomplying,0,1,0
nonconforming,0,1,0
nonconformities,0,1,0
nonconformity,0,1,0
nondisclosure,0,1,0
nonfunctional,0,1,0
nonpayment,0,1,0
nonpayments,0,1,0
nonperformance,0,1,0
nonperformances,0,1,0
nonperforming,0,1,0
nonproducing,0,1,0
nonproductive,0,1,0
nonrecoverable,0,1,0
nonrenewal,0,1,0
nuisance,0,1,0
nuisances,0,1,0
nullification,0,1,0
nullifications,0,1,0
nullified,0,1,0
nullifies,0,1,0
nullify,0,1,0
nullifying,0,1,0
objected,0,1,0
objecting,0,1,0
objection,0,1,0
objectionable,0,1,0
objectionably,0,1,0
objections,0,1,0
obscene,0,1,0
obscenity,0,1,0
obsolescence,0,1,0
obsolete,0,1,0
obstacle,0,1,0
obstacles,0,1,0
obstruct,0,1,0
obstructed,0,1,0
obstructing,0,1,0
obstruction,0,1,0
obstructions,0,1,0
occasionally,0,0,1
offence,0,1,0
offences,0,1,0
offend,0,1,0
offended,0,1,0
offender,0,1,0
offenders,0,1,0
offending,0,1,0
offends,0,1,0
omission,0,1,0
omissions,0,1,0
omit,0,1,0
omits,0,1,0
omitted,0,1,0
omitting,0,1,0
onerous,0,1,0
opportunistic,0,1,0
opportunistically,0,1,0
opportunities,1,0,0
opportunity,1,0,0
oppose,0,1,0
opposed,0,1,0
opposes,0,1,0
opposing,0,1,0
opposition,0,1,0
oppositions,0,1,0
optimistic,1,0,0
ordinarily,0,0,1
outage,0,1,0
outages,0,1,0
outdated,0,1,0
outmoded,0,1,0
outperform,1,0,0
outperformed,1,0,0
outperforming,1,0,0
outperforms,1,0,0
overage,0,1,0
overages,0,1,0
overbuild,0,1,0
overbuilding,0,1,0
overbuilds,0,1,0
overbuilt,0,1,0
overburden,0,1,0
overburdened,0,1,0
overburdening,0,1,0
overcapacities,0,1,0
overcapacity,0,1,0
overcharge,0,1,0
overcharged,0,1,0
overcharges,0,1,0
overcharging,0,1,0
overcome,0,1,0
overcomes,0,1,0
overcoming,0,1,0
overdue,0,1,0
overestimate,0,1,0
overestimated,0,1,0
overestimates,0,1,0
overestimating,0,1,0
overestimation,0,1,0
overestimations,0,1,0
overload,0,1,0
overloaded,0,1,0
overloading,0,1,0
overloads,0,1,0
overlook,0,1,0
overlooked,0,1,0
overlooking,0,1,0
overlooks,0,1,0
overpaid,0,1,0
overpayment,0,1,0
overpayments,0,1,0
overproduced,0,1,0
overproduces,0,1,0
overproducing,0,1,0
overproduction,0,1,0
overrun,0,1,0
overrunning,0,1,0
overruns,0,1,0
overshadow,0,1,0
overshadowed,0,1,0
overshadowing,0,1,0
overshadows,0,1,0
overstate,0,1,0
overstated,0,1,0
overstatement,0,1,0
overstatements,0,1,0
overstates,0,1,0
overstating,0,1,0
oversupplied,0,1,0
oversupplies,0,1,0
oversupply,0,1,0
oversupplying,0,1,0
overtly,0,1,0
overturn,0,1,0
overturned,0,1,0
overturning,0,1,0
overturns,0,1,0
overvalue,0,1,0
overvalued,0,1,0
overvaluing,0,1,0
panic,0,1,0
panics,0,1,0
penalize,0,1,0
penalized,0,1,0
penalizes,0,1,0
penalizing,0,1,0
penalties,0,1,0
penalty,0,1,0
pending,0,0,1
perfect,1,0,0
perfected,1,0,0
perfectly,1,0,0
perfects,1,0,0
perhaps,0,0,1
peril,0,1,0
perils,0,1,0
perjury,0,1,0
perpetrate,0,1,0
perpetrated,0,1,0
perpetrates,0,1,0
perpetrating,0,1,0
perpetration,0,1,0
persist,0,1,0
persisted,0,1,0
persistence,0,1,0
persistent,0,1,0
persistently,0,1,0
persisting,0,1,0
persists,0,1,0
pervasive,0,1,0
pervasively,0,1,0
pervasiveness,0,1,0
petty,0,1,0
picket,0,1,0
picketed,0,1,0
picketing,0,1,0
plaintiff,0,1,0
plaintiffs,0,1,0
plea,0,1,0
plead,0,1,0
pleaded,0,1,0
pleading,0,1,0
pleadings,0,1,0
pleads,0,1,0
pleas,0,1,0
pleasant,1,0,0
pleasantly,1,0,0
pleased,1,0,0
pleasure,1,0,0
pled,0,1,0
plentiful,1,0,0
poor,0,1,0
poorly,0,1,0
popular,1,0,0
popularity,1,0,0
poses,0,1,0
posing,0,1,0
positive,1,0,0
positively,1,0,0
possibilities,0,0,1
possibility,0,0,1
possible,0,0,1
possibly,0,0,1
postpone,0,1,0
postponed,0,1,0
postponement,0,1,0
postponements,0,1,0
postpones,0,1,0
postponing,0,1,0
precaution,0,0,1
precautionary,0,0,1
precautions,0,0,1
precipitated,0,1,0
precipitous,0,1,0
precipitously,0,1,0
preclude,0,1,0
precluded,0,1,0
precludes,0,1,0
precluding,0,1,0
predatory,0,1,0
predict,0,0,1
predictability,0,0,1
predicted,0,0,1
predicting,0,0,1
prediction,0,0,1
predictions,0,0,1
predictive,0,0,1
predictor,0,0,1
predictors,0,0,1
predicts,0,0,1
preeminence,1,0,0
preeminent,1,0,0
prejudice,0,1,0
prejudiced,0,1,0
prejudices,0,1,0
prejudicial,0,1,0
prejudicing,0,1,0
preliminarily,0,0,1
preliminary,0,0,1
premature,0,1,0
prematurely,0,1,0
premier,1,0,0
premiere,1,0,0
pressing,0,1,0
prestige,1,0,0
prestigious,1,0,0
presumably,0,0,1
presume,0,0,1
presumed,0,0,1
presumes,0,0,1
presuming,0,0,1
presumption,0,0,1
presumptions,0,0,1
pretrial,0,1,0
preventing,0,1,0
prevention,0,1,0
prevents,0,1,0
proactive,1,0,0
proactively,1,0,0
probabilistic,0,0,1
probabilities,0,0,1
probability,0,0,1
probable,0,0,1
probably,0,0,1
problem,0,1,0
problematic,0,1,0
problematical,0,1,0
problems,0,1,0
proficiency,1,0,0
proficient,1,0,0
proficiently,1,0,0
profitability,1,0,0
profitable,1,0,0
profitably,1,0,0
progress,1,0,0
progressed,1,0,0
progresses,1,0,0
progressing,1,0,0
prolong,0,1,0
prolongation,0,1,0
prolongations,0,1,0
prolonged,0,1,0
prolonging,0,1,0
prolongs,0,1,0
prone,0,1,0
prosecute,0,1,0
prosecuted,0,1,0
prosecutes,0,1,0
prosecuting,0,1,0
prosecution,0,1,0
prosecutions,0,1,0
prospered,1,0,0
prospering,1,0,0
prosperity,1,0,0
prosperous,1,0,0
prospers,1,0,0
protest,0,1,0
protested,0,1,0
protester,0,1,0
protesters,0,1,0
protesting,0,1,0
protestor,0,1,0
protestors,0,1,0
protests,0,1,0
protracted,0,1,0
protraction,0,1,0
provoke,0,1,0
provoked,0,1,0
provokes,0,1,0
provoking,0,1,0
punished,0,1,0
punishes,0,1,0
punishing,0,1,0
punishment,0,1,0
punishments,0,1,0
punitive,0,1,0
purport,0,1,0
purported,0,1,0
purportedly,0,1,0
purporting,0,1,0
purports,0,1,0
question,0,1,0
questionable,0,1,0
questionably,0,1,0
questioned,0,1,0
questioning,0,1,0
questions,0,1,0
quit,0,1,0
quitting,0,1,0
racketeer,0,1,0
racketeering,0,1,0
random,0,0,1
randomize,0,0,1
randomized,0,0,1
randomizes,0,0,1
randomizing,0,0,1
randomly,0,0,1
randomness,0,0,1
rationalization,0,1,0
rationalizations,0,1,0
rationalize,0,1,0
rationalized,0,1,0
rationalizes,0,1,0
rationalizing,0,1,0
reassess,0,0,1
reassessed,0,0,1
reassesses,0,0,1
reassessing,0,0,1
reassessment,0,1,1
reassessments,0,1,1
reassign,0,1,0
reassigned,0,1,0
reassigning,0,1,0
reassignment,0,1,0
reassignments,0,1,0
reassigns,0,1,0
rebound,1,0,0
rebounded,1,0,0
rebounding,1,0,0
recalculate,0,0,1
recalculated,0,0,1
recalculates,0,0,1
recalculating,0,0,1
recalculation,0,0,1
recalculations,0,0,1
recall,0,1,0
recalled,0,1,0
recalling,0,1,0
recalls,0,1,0
receptive,1,0,0
recession,0,1,0
recessionary,0,1,0
recessions,0,1,0
reckless,0,1,0
recklessly,0,1,0
recklessness,0,1,0
reconsider,0,0,1
reconsidered,0,0,1
reconsidering,0,0,1
reconsiders,0,0,1
redact,0,1,0
redacted,0,1,0
redacting,0,1,0
redaction,0,1,0
redactions,0,1,0
redefault,0,1,0
redefaulted,0,1,0
redefaults,0,1,0
redress,0,1,0
redressed,0,1,0
redresses,0,1,0
redressing,0,1,0
reexamination,0,0,1
reexamine,0,0,1
reexamining,0,0,1
refusal,0,1,0
refusals,0,1,0
refuse,0,1,0
refused,0,1,0
refuses,0,1,0
refusing,0,1,0
regain,1,0,0
regained,1,0,0
regaining,1,0,0
reinterpret,0,0,1
reinterpretation,0,0,1
reinterpretations,0,0,1
reinterpreted,0,0,1
reinterpreting,0,0,1
reinterprets,0,0,1
reject,0,1,0
rejected,0,1,0
rejecting,0,1,0
rejection,0,1,0
rejections,0,1,0
rejects,0,1,0
relinquish,0,1,0
relinquished,0,1,0
relinquishes,0,1,0
relinquishing,0,1,0
relinquishment,0,1,0
relinquishments,0,1,0
reluctance,0,1,0
reluctant,0,1,0
renegotiate,0,1,0
renegotiated,0,1,0
renegotiates,0,1,0
renegotiating,0,1,0
renegotiation,0,1,0
renegotiations,0,1,0
renounce,0,1,0
renounced,0,1,0
renouncement,0,1,0
renouncements,0,1,0
renounces,0,1,0
renouncing,0,1,0
reparation,0,1,0
reparations,0,1,0
repossessed,0,1,0
repossesses,0,1,0
repossessing,0,1,0
repossession,0,1,0
repossessions,0,1,0
repudiate,0,1,0
repudiated,0,1,0
repudiates,0,1,0
repudiating,0,1,0
repudiation,0,1,0
repudiations,0,1,0
resign,0,1,0
resignation,0,1,0
resignations,0,1,0
resigned,0,1,0
resigning,0,1,0
resigns,0,1,0
resolve,1,0,0
restate,0,1,0
restated,0,1,0
restatement,0,1,0
restatements,0,1,0
restates,0,1,0
restating,0,1,0
restructure,0,1,0
restructured,0,1,0
restructures,0,1,0
restructuring,0,1,0
restructurings,0,1,0
retaliate,0,1,0
retaliated,0,1,0
retaliates,0,1,0
retaliating,0,1,0
retaliation,0,1,0
retaliations,0,1,0
retaliatory,0,1,0
retribution,0,1,0
retributions,0,1,0
revise,0,0,1
revised,0,0,1
revocation,0,1,0
revocations,0,1,0
revoke,0,1,0
revoked,0,1,0
revokes,0,1,0
revoking,0,1,0
revolutionize,1,0,0
revolutionized,1,0,0
revolutionizes,1,0,0
revolutionizing,1,0,0
reward,1,0,0
rewarded,1,0,0
rewarding,1,0,0
rewards,1,0,0
ridicule,0,1,0
ridiculed,0,1,0
ridicules,0,1,0
ridiculing,0,1,0
risk,0,0,1
risked,0,0,1
riskier,0,1,1
riskiest,0,1,1
riskiness,0,0,1
risking,0,0,1
risks,0,0,1
risky,0,1,1
roughly,0,0,1
rumors,0,0,1
sabotage,0,1,0
sacrifice,0,1,0
sacrificed,0,1,0
sacrifices,0,1,0
sacrificial,0,1,0
sacrificing,0,1,0
satisfaction,1,0,0
satisfactorily,1,0,0
satisfactory,1,0,0
satisfied,1,0,0
satisfies,1,0,0
satisfy,1,0,0
satisfying,1,0,0
scandalous,0,1,0
scandals,0,1,0
scrutinize,0,1,0
scrutinized,0,1,0
scrutinizes,0,1,0
scrutinizing,0,1,0
scrutiny,0,1,0
secrecy,0,1,0
seems,0,0,1
seize,0,1,0
seized,0,1,0
seizes,0,1,0
seizing,0,1,0
seldom,0,0,1
seldomly,0,0,1
sentenced,0,1,0
sentencing,0,1,0
serious,0,1,0
seriously,0,1,0
seriousness,0,1,0
setback,0,1,0
setbacks,0,1,0
sever,0,1,0
severe,0,1,0
severed,0,1,0
severely,0,1,0
severities,0,1,0
severity,0,1,0
sharply,0,1,0
shocked,0,1,0
shortage,0,1,0
shortages,0,1,0
shortfall,0,1,0
shortfalls,0,1,0
shrinkage,0,1,0
shrinkages,0,1,0
shut,0,1,0
shutdown,0,1,0
shutdowns,0,1,0
shuts,0,1,0
shutting,0,1,0
slander,0,1,0
slandered,0,1,0
slanderous,0,1,0
slanders,0,1,0
slippage,0,1,0
slippages,0,1,0
slow,0,1,0
slowdown,0,1,0
slowdowns,0,1,0
slowed,0,1,0
slower,0,1,0
slowest,0,1,0
slowing,0,1,0
slowly,0,1,0
slowness,0,1,0
sluggish,0,1,0
sluggishly,0,1,0
sluggishness,0,1,0
smooth,1,0,0
smoothing,1,0,0
smoothly,1,0,0
smooths,1,0,0
solvencies,0,1,0
solvency,0,1,0
solves,1,0,0
solving,1,0,0
sometime,0,0,1
sometimes,0,0,1
somewhat,0,0,1
somewhere,0,0,1
spam,0,1,0
spammers,0,1,0
spamming,0,1,0
spectacular,1,0,0
spectacularly,1,0,0
speculate,0,0,1
speculated,0,0,1
speculates,0,0,1
speculating,0,0,1
speculation,0,0,1
speculations,0,0,1
speculative,0,0,1
speculatively,0,0,1
sporadic,0,0,1
sporadically,0,0,1
stability,1,0,0
stabilization,1,0,0
stabilizations,1,0,0
stabilize,1,0,0
stabilized,1,0,0
stabilizes,1,0,0
stabilizing,1,0,0
stable,1,0,0
staggering,0,1,0
stagnant,0,1,0
stagnate,0,1,0
stagnated,0,1,0
stagnates,0,1,0
stagnating,0,1,0
stagnation,0,1,0
standstill,0,1,0
standstills,0,1,0
stolen,0,1,0
stoppage,0,1,0
stoppages,0,1,0
stopped,0,1,0
stopping,0,1,0
stops,0,1,0
strain,0,1,0
strained,0,1,0
straining,0,1,0
strains,0,1,0
strength,1,0,0
strengthen,1,0,0
strengthened,1,0,0
strengthening,1,0,0
strengthens,1,0,0
strengths,1,0,0
stress,0,1,0
stressed,0,1,0
stresses,0,1,0
stressful,0,1,0
stressing,0,1,0
stringent,0,1,0
strong,1,0,0
stronger,1,0,0
strongest,1,0,0
subjected,0,1,0
subjecting,0,1,0
subjection,0,1,0
subpoena,0,1,0
subpoenaed,0,1,0
subpoenas,0,1,0
substandard,0,1,0
succeed,1,0,0
succeeded,1,0,0
succeeding,1,0,0
succeeds,1,0,0
success,1,0,0
successes,1,0,0
successful,1,0,0
successfully,1,0,0
sudden,0,0,1
suddenly,0,0,1
sue,0,1,0
sued,0,1,0
sues,0,1,0
suffer,0,1,0
suffered,0,1,0
suffering,0,1,0
suffers,0,1,0
suggest,0,0,1
suggested,0,0,1
suggesting,0,0,1
suggests,0,0,1
suing,0,1,0
summoned,0,1,0
summoning,0,1,0
summons,0,1,0
summonses,0,1,0
superior,1,0,0
surpass,1,0,0
surpassed,1,0,0
surpasses,1,0,0
surpassing,1,0,0
susceptibility,0,1,1
susceptible,0,1,0
suspect,0,1,0
suspected,0,1,0
suspects,0,1,0
suspend,0,1,0
suspended,0,1,0
suspending,0,1,0
suspends,0,1,0
suspension,0,1,0
suspensions,0,1,0
suspicion,0,1,0
suspicions,0,1,0
suspicious,0,1,0
suspiciously,0,1,0
taint,0,1,0
tainted,0,1,0
tainting,0,1,0
taints,0,1,0
tampered,0,1,0
tending,0,0,1
tense,0,1,0
tentative,0,0,1
tentatively,0,0,1
terminate,0,1,0
terminated,0,1,0
terminates,0,1,0
terminating,0,1,0
termination,0,1,0
terminations,0,1,0
testify,0,1,0
testifying,0,1,0
threat,0,1,0
threaten,0,1,0
threatened,0,1,0
threatening,0,1,0
threatens,0,1,0
threats,0,1,0
tightening,0,1,0
tolerate,0,1,0
tolerated,0,1,0
tolerates,0,1,0
tolerating,0,1,0
toleration,0,1,0
tortuous,0,1,0
tortuously,0,1,0
tragedies,0,1,0
tragedy,0,1,0
tragic,0,1,0
tragically,0,1,0
transparency,1,0,0
traumatic,0,1,0
tremendous,1,0,0
tremendously,1,0,0
trouble,0,1,0
troubled,0,1,0
troubles,0,1,0
turbulence,0,1,1
turmoil,0,1,0
unable,0,1,0
unacceptable,0,1,0
unacceptably,0,1,0
unaccounted,0,1,0
unannounced,0,1,0
unanticipated,0,1,0
unapproved,0,1,0
unattractive,0,1,0
unauthorized,0,1,0
unavailability,0,1,0
unavailable,0,1,0
unavoidable,0,1,0
unavoidably,0,1,0
unaware,0,1,0
uncertain,0,0,1
uncertainly,0,0,1
uncertainties,0,0,1
uncertainty,0,0,1
unclear,0,0,1
uncollectable,0,1,0
uncollected,0,1,0
uncollectibility,0,1,0
uncollectible,0,1,0
uncollectibles,0,1,0
uncompetitive,0,1,0
uncompleted,0,1,0
unconfirmed,0,0,1
unconscionable,0,1,0
unconscionably,0,1,0
uncontrollable,0,1,0
uncontrollably,0,1,0
uncontrolled,0,1,0
uncorrected,0,1,0
uncover,0,1,0
uncovered,0,1,0
uncovering,0,1,0
uncovers,0,1,0
undecided,0,0,1
undefined,0,0,1
undeliverable,0,1,0
undelivered,0,1,0
undercapitalized,0,1,0
undercut,0,1,0
undercuts,0,1,0
undercutting,0,1,0
underestimate,0,1,0
underestimated,0,1,0
underestimates,0,1,0
underestimating,0,1,0
underestimation,0,1,0
underfunded,0,1,0
underinsured,0,1,0
undermine,0,1,0
undermined,0,1,0
undermines,0,1,0
undermining,0,1,0
underpaid,0,1,0
underpayment,0,1,0
underpayments,0,1,0
underpays,0,1,0
underperform,0,1,0
underperformance,0,1,0
underperformed,0,1,0
underperforming,0,1,0
underperforms,0,1,0
underproduced,0,1,0
underproduction,0,1,0
underreporting,0,1,0
understate,0,1,0
understated,0,1,0
understatement,0,1,0
understatements,0,1,0
understates,0,1,0
understating,0,1,0
underutilization,0,1,0
underutilized,0,1,0
undesignated,0,0,1
undesirable,0,1,0
undesired,0,1,0
undetectable,0,0,1
undetected,0,1,0
undeterminable,0,0,1
undetermined,0,1,1
undisclosed,0,1,0
undocumented,0,1,1
undue,0,1,0
unduly,0,1,0
uneconomic,0,1,0
uneconomical,0,1,0
uneconomically,0,1,0
unemployed,0,1,0
unemployment,0,1,0
unethical,0,1,0
unethically,0,1,0
unexcused,0,1,0
unexpected,0,1,1
unexpectedly,0,1,1
unfair,0,1,0
unfairly,0,1,0
unfamiliar,0,0,1
unfamiliarity,0,0,1
unfavorability,0,1,0
unfavorable,0,1,0
unfavorably,0,1,0
unfavourable,0,1,0
unfeasible,0,1,0
unfit,0,1,0
unfitness,0,1,0
unforecasted,0,0,1
unforeseeable,0,1,0
unforeseen,0,1,0
unforseen,0,1,1
unfortunate,0,1,0
unfortunately,0,1,0
unfounded,0,1,0
unfriendly,0,1,0
unfulfilled,0,1,0
unfunded,0,1,0
unguaranteed,0,0,1
unhedged,0,0,1
unidentifiable,0,0,1
unidentified,0,0,1
uninsured,0,1,0
unintended,0,1,0
unintentional,0,1,0
unintentionally,0,1,0
unjust,0,1,0
unjustifiable,0,1,0
unjustifiably,0,1,0
unjustified,0,1,0
unjustly,0,1,0
unknowing,0,1,0
unknowingly,0,1,0
unknown,0,0,1
unknowns,0,0,1
unlawful,0,1,0
unlawfully,0,1,0
unlicensed,0,1,0
unliquidated,0,1,0
unmarketable,0,1,0
unmatched,1,0,0
unmerchantable,0,1,0
unmeritorious,0,1,0
unnecessarily,0,1,0
unnecessary,0,1,0
unneeded,0,1,0
unobservable,0,0,1
unobtainable,0,1,0
unoccupied,0,1,0
unpaid,0,1,0
unparalleled,1,0,0
unperformed,0,1,0
unplanned,0,1,1
unpopular,0,1,0
unpredictability,0,1,1
unpredictable,0,1,1
unpredictably,0,1,1
unpredicted,0,1,1
unproductive,0,1,0
unprofitability,0,1,0
unprofitable,0,1,0
unproved,0,0,1
unproven,0,0,1
unqualified,0,1,0
unquantifiable,0,0,1
unquantified,0,0,1
unrealistic,0,1,0
unreasonable,0,1,0
unreasonableness,0,1,0
unreasonably,0,1,0
unreceptive,0,1,0
unreconciled,0,0,1
unrecoverable,0,1,0
unrecovered,0,1,0
unreimbursed,0,1,0
unreliable,0,1,0
unremedied,0,1,0
unreported,0,1,0
unresolved,0,1,0
unrest,0,1,0
unsafe,0,1,0
unsalable,0,1,0
unsaleable,0,1,0
unsatisfactory,0,1,0
unsatisfied,0,1,0
unsavory,0,1,0
unscheduled,0,1,0
unseasonable,0,0,1
unseasonably,0,0,1
unsellable,0,1,0
unsettled,0,0,1
unsold,0,1,0
unsound,0,1,0
unspecific,0,0,1
unspecified,0,0,1
unstabilized,0,1,0
unstable,0,1,0
unsubstantiated,0,1,0
unsuccessful,0,1,0
unsuccessfully,0,1,0
unsuitability,0,1,0
unsuitable,0,1,0
unsuitably,0,1,0
unsuited,0,1,0
unsure,0,1,0
unsurpassed,1,0,0
unsuspected,0,1,0
unsuspecting,0,1,0
unsustainable,0,1,0
untenable,0,1,0
untested,0,0,1
untimely,0,1,0
untrusted,0,1,0
untruth,0,1,0
untruthful,0,1,0
untruthfully,0,1,0
untruthfulness,0,1,0
untruths,0,1,0
unusable,0,1,0
unusual,0,0,1
unusually,0,0,1
unwanted,0,1,0
unwarranted,0,1,0
unwelcome,0,1,0
unwilling,0,1,0
unwillingness,0,1,0
unwritten,0,0,1
upset,0,1,0
upturn,1,0,0
upturns,1,0,0
urgency,0,1,0
urgent,0,1,0
usurious,0,1,0
usurp,0,1,0
usurped,0,1,0
usurping,0,1,0
usurps,0,1,0
usury,0,1,0
vagaries,0,0,1
vague,0,0,1
vaguely,0,0,1
vagueness,0,0,1
vaguenesses,0,0,1
vaguer,0,0,1
vaguest,0,0,1
valuable,1,0,0
vandalism,0,1,0
variability,0,0,1
variable,0,0,1
variables,0,0,1
variably,0,0,1
variance,0,0,1
variances,0,0,1
variant,0,0,1
variants,0,0,1
variation,0,0,1
variations,0,0,1
varied,0,0,1
varies,0,0,1
vary,0,0,1
varying,0,0,1
verdict,0,1,0
verdicts,0,1,0
versatile,1,0,0
versatility,1,0,0
vetoed,0,1,0
vibrancy,1,0,0
vibrant,1,0,0
victims,0,1,0
violate,0,1,0
violated,0,1,0
violates,0,1,0
violating,0,1,0
violation,0,1,0
violations,0,1,0
violative,0,1,0
violator,0,1,0
violators,0,1,0
violence,0,1,0
violent,0,1,0
violently,0,1,0
vitiate,0,1,0
vitiated,0,1,0
vitiates,0,1,0
vitiating,0,1,0
vitiation,0,1,0
voided,0,1,0
voiding,0,1,0
volatile,0,1,1
volatilities,0,0,1
volatility,0,1,1
vulnerabilities,0,1,0
vulnerability,0,1,0
vulnerable,0,1,0
vulnerably,0,1,0
warn,0,1,0
warned,0,1,0
warning,0,1,0
warnings,0,1,0
warns,0,1,0
wasted,0,1,0
wasteful,0,1,0
wasting,0,1,0
weak,0,1,0
weaken,0,1,0
weakened,0,1,0
weakening,0,1,0
weakens,0,1,0
weaker,0,1,0
weakest,0,1,0
weakly,0,1,0
weakness,0,1,0
weaknesses,0,1,0
willfully,0,1,0
win,1,0,0
winner,1,0,0
winners,1,0,0
winning,1,0,0
worries,0,1,0
worry,0,1,0
worrying,0,1,0
worse,0,1,0
worsen,0,1,0
worsened,0,1,0
worsening,0,1,0
worsens,0,1,0
worst,0,1,0
worthless,0,1,0
worthy,1,0,0
writedown,0,1,0
writedowns,0,1,0
writeoff,0,1,0
writeoffs,0,1,0
wrong,0,1,0
wrongdoing,0,1,0
wrongdoings,0,1,0
wrongful,0,1,0
wrongfully,0,1,0
wrongly,0,1,0
